Department,Sub Department
Amazon Devices & Accessories,Kindle E-readers
Amazon Devices & Accessories,Kindle Accessories
Amazon Devices & Accessories,Fire Tablets
Amazon Devices & Accessories,Echo & Alexa Devices
Electronics,Headphones
Electronics,Earbud Headphones
Electronics,Bluetooth Speakers
Electronics,Portable Audio & Video
Electronics,eBook Readers & Accessories
Electronics,Camera & Photo
Electronics,Video Projectors
Electronics,Computers & Accessories
Toys & Games,Learning & Education
Toys & Games,Electronic Learning Toys
Toys & Games,Kids' Electronics
Toys & Games,Games & Accessories
Toys & Games,Preschool Toys
Toys & Games,Novelty & Gag Toys
Toys & Games,Stuffed Animals & Plush Toys
Video Games,Kids & Family
Video Games,Accessories
Baby,Baby & Toddler Toys
Baby,Travel Gear
Home & Kitchen,Kitchen & Dining
Home & Kitchen,Small Appliances
Sports & Outdoors,Outdoor Recreation
Sports & Outdoors,Sports & Fitness
Office Products,Education & Crafts
Musical Instruments,Karaoke Equipment
